{
  "condition": "id00_ood25",
  "n": {
    "id_test": 900,
    "ood_test": 3000,
    "fake_probe": 500
  },
  "methods": {
    "msp": {
      "auroc_ood": 0.5,
      "fpr95_ood": 1.0,
      "auroc_fake": 0.5,
      "fpr95_fake": 1.0,
      "auroc_fake_whoops": 0.5,
      "fpr95_fake_whoops": 1.0,
      "auroc_fake_gen": 0.5,
      "fpr95_fake_gen": 1.0
    },
    "energy": {
      "auroc_ood": 0.8834994444444444,
      "fpr95_ood": 0.5855555555555556,
      "auroc_fake": 0.7570688888888889,
      "fpr95_fake": 0.8155555555555556,
      "auroc_fake_whoops": 0.7843570722057369,
      "fpr95_fake_whoops": 0.7566666666666667,
      "auroc_fake_gen": 0.7006509884117246,
      "fpr95_fake_gen": 0.8322222222222222
    },
    "mahalanobis": {
      "auroc_ood": 0.9887925925925926,
      "fpr95_ood": 0.021111111111111112,
      "auroc_fake": 0.98808,
      "fpr95_fake": 0.05333333333333334,
      "auroc_fake_whoops": 0.9905572040883613,
      "fpr95_fake_whoops": 0.051111111111111114,
      "auroc_fake_gen": 0.9829584185412407,
      "fpr95_fake_gen": 0.11555555555555555
    }
  }
}