{
  "condition": "id01_ood01",
  "n": {
    "id_test": 900,
    "ood_test": 3000,
    "fake_probe": 500
  },
  "methods": {
    "msp": {
      "auroc_ood": 0.5,
      "fpr95_ood": 1.0,
      "auroc_fake": 0.5,
      "fpr95_fake": 1.0,
      "auroc_fake_whoops": 0.5,
      "fpr95_fake_whoops": 1.0,
      "auroc_fake_gen": 0.5,
      "fpr95_fake_gen": 1.0
    },
    "energy": {
      "auroc_ood": 0.9252951851851852,
      "fpr95_ood": 0.43,
      "auroc_fake": 0.7570688888888889,
      "fpr95_fake": 0.8155555555555556,
      "auroc_fake_whoops": 0.7843570722057369,
      "fpr95_fake_whoops": 0.7566666666666667,
      "auroc_fake_gen": 0.7006509884117246,
      "fpr95_fake_gen": 0.8322222222222222
    },
    "mahalanobis": {
      "auroc_ood": 0.9888296296296296,
      "fpr95_ood": 0.014444444444444444,
      "auroc_fake": 0.9879155555555555,
      "fpr95_fake": 0.05444444444444444,
      "auroc_fake_whoops": 0.9904088361358391,
      "fpr95_fake_whoops": 0.05333333333333334,
      "auroc_fake_gen": 0.982760736196319,
      "fpr95_fake_gen": 0.11444444444444445
    }
  }
}