{
  "condition": "id10_ood00",
  "n": {
    "id_test": 900,
    "ood_test": 3000,
    "fake_probe": 500
  },
  "methods": {
    "msp": {
      "auroc_ood": 0.5,
      "fpr95_ood": 1.0,
      "auroc_fake": 0.5,
      "fpr95_fake": 1.0,
      "auroc_fake_whoops": 0.5,
      "fpr95_fake_whoops": 1.0,
      "auroc_fake_gen": 0.5,
      "fpr95_fake_gen": 1.0
    },
    "energy": {
      "auroc_ood": 0.9270646296296297,
      "fpr95_ood": 0.41555555555555557,
      "auroc_fake": 0.7570688888888889,
      "fpr95_fake": 0.8155555555555556,
      "auroc_fake_whoops": 0.7843570722057369,
      "fpr95_fake_whoops": 0.7566666666666667,
      "auroc_fake_gen": 0.7006509884117246,
      "fpr95_fake_gen": 0.8322222222222222
    },
    "mahalanobis": {
      "auroc_ood": 0.9886681481481482,
      "fpr95_ood": 0.016666666666666666,
      "auroc_fake": 0.9865911111111111,
      "fpr95_fake": 0.07111111111111111,
      "auroc_fake_whoops": 0.9897626112759644,
      "fpr95_fake_whoops": 0.04888888888888889,
      "auroc_fake_gen": 0.9800340831629175,
      "fpr95_fake_gen": 0.1111111111111111
    }
  }
}