{
  "condition": "id10_ood10",
  "n": {
    "id_test": 900,
    "ood_test": 3000,
    "fake_probe": 500
  },
  "methods": {
    "msp": {
      "auroc_ood": 0.5,
      "fpr95_ood": 1.0,
      "auroc_fake": 0.5,
      "fpr95_fake": 1.0,
      "auroc_fake_whoops": 0.5,
      "fpr95_fake_whoops": 1.0,
      "auroc_fake_gen": 0.5,
      "fpr95_fake_gen": 1.0
    },
    "energy": {
      "auroc_ood": 0.9087742592592593,
      "fpr95_ood": 0.5122222222222222,
      "auroc_fake": 0.7570688888888889,
      "fpr95_fake": 0.8155555555555556,
      "auroc_fake_whoops": 0.7843570722057369,
      "fpr95_fake_whoops": 0.7566666666666667,
      "auroc_fake_gen": 0.7006509884117246,
      "fpr95_fake_gen": 0.8322222222222222
    },
    "mahalanobis": {
      "auroc_ood": 0.9883562962962963,
      "fpr95_ood": 0.02,
      "auroc_fake": 0.98644,
      "fpr95_fake": 0.07333333333333333,
      "auroc_fake_whoops": 0.9896834817012858,
      "fpr95_fake_whoops": 0.05555555555555555,
      "auroc_fake_gen": 0.9797341513292434,
      "fpr95_fake_gen": 0.1111111111111111
    }
  }
}