{
  "condition": "id25_ood25",
  "n": {
    "id_test": 900,
    "ood_test": 3000,
    "fake_probe": 500
  },
  "methods": {
    "msp": {
      "auroc_ood": 0.5,
      "fpr95_ood": 1.0,
      "auroc_fake": 0.5,
      "fpr95_fake": 1.0,
      "auroc_fake_whoops": 0.5,
      "fpr95_fake_whoops": 1.0,
      "auroc_fake_gen": 0.5,
      "fpr95_fake_gen": 1.0
    },
    "energy": {
      "auroc_ood": 0.8833225925925926,
      "fpr95_ood": 0.6022222222222222,
      "auroc_fake": 0.7570688888888889,
      "fpr95_fake": 0.8155555555555556,
      "auroc_fake_whoops": 0.7843570722057369,
      "fpr95_fake_whoops": 0.7566666666666667,
      "auroc_fake_gen": 0.7006509884117246,
      "fpr95_fake_gen": 0.8322222222222222
    },
    "mahalanobis": {
      "auroc_ood": 0.9884651851851852,
      "fpr95_ood": 0.022222222222222223,
      "auroc_fake": 0.9857977777777778,
      "fpr95_fake": 0.07777777777777778,
      "auroc_fake_whoops": 0.9890933069568084,
      "fpr95_fake_whoops": 0.056666666666666664,
      "auroc_fake_gen": 0.9789843217450579,
      "fpr95_fake_gen": 0.12
    }
  }
}