{
  "model": "llava-1.5-7b",
  "methods": [
    "msp",
    "energy",
    "mahalanobis"
  ],
  "classes": [
    "african_elephant",
    "airliner",
    "bald_eagle",
    "brown_bear",
    "goldfish",
    "grand_piano",
    "labrador_retriever",
    "mountain_bike",
    "ostrich",
    "school_bus",
    "sports_car",
    "steam_locomotive",
    "tabby_cat",
    "tiger",
    "zebra"
  ],
  "conditions": [
    {
      "condition": "id00_ood00",
      "n": {
        "id_test": 900,
        "ood_test": 3000,
        "fake_probe": 500
      },
      "methods": {
        "msp": {
          "auroc_ood": 0.5,
          "fpr95_ood": 1.0,
          "auroc_fake": 0.5,
          "fpr95_fake": 1.0,
          "auroc_fake_whoops": 0.5,
          "fpr95_fake_whoops": 1.0,
          "auroc_fake_gen": 0.5,
          "fpr95_fake_gen": 1.0
        },
        "energy": {
          "auroc_ood": 0.9270646296296297,
          "fpr95_ood": 0.41555555555555557,
          "auroc_fake": 0.7570688888888889,
          "fpr95_fake": 0.8155555555555556,
          "auroc_fake_whoops": 0.7843570722057369,
          "fpr95_fake_whoops": 0.7566666666666667,
          "auroc_fake_gen": 0.7006509884117246,
          "fpr95_fake_gen": 0.8322222222222222
        },
        "mahalanobis": {
          "auroc_ood": 0.9888625925925926,
          "fpr95_ood": 0.015555555555555555,
          "auroc_fake": 0.98808,
          "fpr95_fake": 0.05333333333333334,
          "auroc_fake_whoops": 0.9905572040883613,
          "fpr95_fake_whoops": 0.051111111111111114,
          "auroc_fake_gen": 0.9829584185412407,
          "fpr95_fake_gen": 0.11555555555555555
        }
      }
    },
    {
      "condition": "id00_ood01",
      "n": {
        "id_test": 900,
        "ood_test": 3000,
        "fake_probe": 500
      },
      "methods": {
        "msp": {
          "auroc_ood": 0.5,
          "fpr95_ood": 1.0,
          "auroc_fake": 0.5,
          "fpr95_fake": 1.0,
          "auroc_fake_whoops": 0.5,
          "fpr95_fake_whoops": 1.0,
          "auroc_fake_gen": 0.5,
          "fpr95_fake_gen": 1.0
        },
        "energy": {
          "auroc_ood": 0.9251383333333333,
          "fpr95_ood": 0.43,
          "auroc_fake": 0.7570688888888889,
          "fpr95_fake": 0.8155555555555556,
          "auroc_fake_whoops": 0.7843570722057369,
          "fpr95_fake_whoops": 0.7566666666666667,
          "auroc_fake_gen": 0.7006509884117246,
          "fpr95_fake_gen": 0.8322222222222222
        },
        "mahalanobis": {
          "auroc_ood": 0.9888381481481482,
          "fpr95_ood": 0.015555555555555555,
          "auroc_fake": 0.98808,
          "fpr95_fake": 0.05333333333333334,
          "auroc_fake_whoops": 0.9905572040883613,
          "fpr95_fake_whoops": 0.051111111111111114,
          "auroc_fake_gen": 0.9829584185412407,
          "fpr95_fake_gen": 0.11555555555555555
        }
      }
    },
    {
      "condition": "id00_ood10",
      "n": {
        "id_test": 900,
        "ood_test": 3000,
        "fake_probe": 500
      },
      "methods": {
        "msp": {
          "auroc_ood": 0.5,
          "fpr95_ood": 1.0,
          "auroc_fake": 0.5,
          "fpr95_fake": 1.0,
          "auroc_fake_whoops": 0.5,
          "fpr95_fake_whoops": 1.0,
          "auroc_fake_gen": 0.5,
          "fpr95_fake_gen": 1.0
        },
        "energy": {
          "auroc_ood": 0.9075616666666667,
          "fpr95_ood": 0.5288888888888889,
          "auroc_fake": 0.7570688888888889,
          "fpr95_fake": 0.8155555555555556,
          "auroc_fake_whoops": 0.7843570722057369,
          "fpr95_fake_whoops": 0.7566666666666667,
          "auroc_fake_gen": 0.7006509884117246,
          "fpr95_fake_gen": 0.8322222222222222
        },
        "mahalanobis": {
          "auroc_ood": 0.9881166666666666,
          "fpr95_ood": 0.02,
          "auroc_fake": 0.98808,
          "fpr95_fake": 0.05333333333333334,
          "auroc_fake_whoops": 0.9905572040883613,
          "fpr95_fake_whoops": 0.051111111111111114,
          "auroc_fake_gen": 0.9829584185412407,
          "fpr95_fake_gen": 0.11555555555555555
        }
      }
    },
    {
      "condition": "id00_ood25",
      "n": {
        "id_test": 900,
        "ood_test": 3000,
        "fake_probe": 500
      },
      "methods": {
        "msp": {
          "auroc_ood": 0.5,
          "fpr95_ood": 1.0,
          "auroc_fake": 0.5,
          "fpr95_fake": 1.0,
          "auroc_fake_whoops": 0.5,
          "fpr95_fake_whoops": 1.0,
          "auroc_fake_gen": 0.5,
          "fpr95_fake_gen": 1.0
        },
        "energy": {
          "auroc_ood": 0.8834994444444444,
          "fpr95_ood": 0.5855555555555556,
          "auroc_fake": 0.7570688888888889,
          "fpr95_fake": 0.8155555555555556,
          "auroc_fake_whoops": 0.7843570722057369,
          "fpr95_fake_whoops": 0.7566666666666667,
          "auroc_fake_gen": 0.7006509884117246,
          "fpr95_fake_gen": 0.8322222222222222
        },
        "mahalanobis": {
          "auroc_ood": 0.9887925925925926,
          "fpr95_ood": 0.021111111111111112,
          "auroc_fake": 0.98808,
          "fpr95_fake": 0.05333333333333334,
          "auroc_fake_whoops": 0.9905572040883613,
          "fpr95_fake_whoops": 0.051111111111111114,
          "auroc_fake_gen": 0.9829584185412407,
          "fpr95_fake_gen": 0.11555555555555555
        }
      }
    },
    {
      "condition": "id01_ood00",
      "n": {
        "id_test": 900,
        "ood_test": 3000,
        "fake_probe": 500
      },
      "methods": {
        "msp": {
          "auroc_ood": 0.5,
          "fpr95_ood": 1.0,
          "auroc_fake": 0.5,
          "fpr95_fake": 1.0,
          "auroc_fake_whoops": 0.5,
          "fpr95_fake_whoops": 1.0,
          "auroc_fake_gen": 0.5,
          "fpr95_fake_gen": 1.0
        },
        "energy": {
          "auroc_ood": 0.9270646296296297,
          "fpr95_ood": 0.41555555555555557,
          "auroc_fake": 0.7570688888888889,
          "fpr95_fake": 0.8155555555555556,
          "auroc_fake_whoops": 0.7843570722057369,
          "fpr95_fake_whoops": 0.7566666666666667,
          "auroc_fake_gen": 0.7006509884117246,
          "fpr95_fake_gen": 0.8322222222222222
        },
        "mahalanobis": {
          "auroc_ood": 0.9887733333333333,
          "fpr95_ood": 0.015555555555555555,
          "auroc_fake": 0.9877,
          "fpr95_fake": 0.06222222222222222,
          "auroc_fake_whoops": 0.9903956478733926,
          "fpr95_fake_whoops": 0.052222222222222225,
          "auroc_fake_gen": 0.9821267893660531,
          "fpr95_fake_gen": 0.11888888888888889
        }
      }
    },
    {
      "condition": "id01_ood01",
      "n": {
        "id_test": 900,
        "ood_test": 3000,
        "fake_probe": 500
      },
      "methods": {
        "msp": {
          "auroc_ood": 0.5,
          "fpr95_ood": 1.0,
          "auroc_fake": 0.5,
          "fpr95_fake": 1.0,
          "auroc_fake_whoops": 0.5,
          "fpr95_fake_whoops": 1.0,
          "auroc_fake_gen": 0.5,
          "fpr95_fake_gen": 1.0
        },
        "energy": {
          "auroc_ood": 0.9252951851851852,
          "fpr95_ood": 0.43,
          "auroc_fake": 0.7570688888888889,
          "fpr95_fake": 0.8155555555555556,
          "auroc_fake_whoops": 0.7843570722057369,
          "fpr95_fake_whoops": 0.7566666666666667,
          "auroc_fake_gen": 0.7006509884117246,
          "fpr95_fake_gen": 0.8322222222222222
        },
        "mahalanobis": {
          "auroc_ood": 0.9888296296296296,
          "fpr95_ood": 0.014444444444444444,
          "auroc_fake": 0.9879155555555555,
          "fpr95_fake": 0.05444444444444444,
          "auroc_fake_whoops": 0.9904088361358391,
          "fpr95_fake_whoops": 0.05333333333333334,
          "auroc_fake_gen": 0.982760736196319,
          "fpr95_fake_gen": 0.11444444444444445
        }
      }
    },
    {
      "condition": "id10_ood00",
      "n": {
        "id_test": 900,
        "ood_test": 3000,