{
  "condition": "id00_ood01",
  "n": {
    "id_test": 150,
    "ood_test": 1500,
    "fake_probe": 400
  },
  "methods": {
    "msp": {
      "auroc_ood": 0.5,
      "fpr95_ood": 1.0,
      "auroc_fake": 0.5,
      "fpr95_fake": 1.0,
      "auroc_fake_whoops": 0.5,
      "fpr95_fake_whoops": 1.0
    },
    "energy": {
      "auroc_ood": 0.9292355555555556,
      "fpr95_ood": 0.3933333333333333,
      "auroc_fake": 0.7930833333333334,
      "fpr95_fake": 0.8133333333333334,
      "auroc_fake_whoops": 0.7930833333333334,
      "fpr95_fake_whoops": 0.8133333333333334
    },
    "mahalanobis": {
      "auroc_ood": 0.98816,
      "fpr95_ood": 0.02,
      "auroc_fake": 0.98765,
      "fpr95_fake": 0.08666666666666667,
      "auroc_fake_whoops": 0.98765,
      "fpr95_fake_whoops": 0.08666666666666667
    }
  }
}