{
  "model": "llava-1.5-7b",
  "methods": [
    "msp",
    "energy",
    "mahalanobis"
  ],
  "classes": [
    "african_elephant",
    "airliner",
    "bald_eagle",
    "brown_bear",
    "goldfish",
    "grand_piano",
    "labrador_retriever",
    "mountain_bike",
    "ostrich",
    "school_bus",
    "sports_car",
    "steam_locomotive",
    "tabby_cat",
    "tiger",
    "zebra"
  ],
  "conditions": [
    {
      "condition": "id00_ood00",
      "n": {
        "id_test": 150,
        "ood_test": 1500,
        "fake_probe": 400
      },
      "methods": {
        "msp": {
          "auroc_ood": 0.5,
          "fpr95_ood": 1.0,
          "auroc_fake": 0.5,
          "fpr95_fake": 1.0,
          "auroc_fake_whoops": 0.5,
          "fpr95_fake_whoops": 1.0
        },
        "energy": {
          "auroc_ood": 0.9327155555555555,
          "fpr95_ood": 0.3466666666666667,
          "auroc_fake": 0.7930833333333334,
          "fpr95_fake": 0.8133333333333334,
          "auroc_fake_whoops": 0.7930833333333334,
          "fpr95_fake_whoops": 0.8133333333333334
        },
        "mahalanobis": {
          "auroc_ood": 0.9902311111111111,
          "fpr95_ood": 0.013333333333333334,
          "auroc_fake": 0.98765,
          "fpr95_fake": 0.08666666666666667,
          "auroc_fake_whoops": 0.98765,
          "fpr95_fake_whoops": 0.08666666666666667
        }
      }
    },
    {
      "condition": "id00_ood01",
      "n": {
        "id_test": 150,
        "ood_test": 1500,
        "fake_probe": 400
      },
      "methods": {
        "msp": {
          "auroc_ood": 0.5,
          "fpr95_ood": 1.0,
          "auroc_fake": 0.5,
          "fpr95_fake": 1.0,
          "auroc_fake_whoops": 0.5,
          "fpr95_fake_whoops": 1.0
        },
        "energy": {
          "auroc_ood": 0.9292355555555556,
          "fpr95_ood": 0.3933333333333333,
          "auroc_fake": 0.7930833333333334,
          "fpr95_fake": 0.8133333333333334,
          "auroc_fake_whoops": 0.7930833333333334,
          "fpr95_fake_whoops": 0.8133333333333334
        },
        "mahalanobis": {
          "auroc_ood": 0.98816,
          "fpr95_ood": 0.02,
          "auroc_fake": 0.98765,
          "fpr95_fake": 0.08666666666666667,
          "auroc_fake_whoops": 0.98765,
          "fpr95_fake_whoops": 0.08666666666666667
        }
      }
    },
    {
      "condition": "id00_ood10",
      "n": {
        "id_test": 150,
        "ood_test": 1500,
        "fake_probe": 400
      },
      "methods": {
        "msp": {
          "auroc_ood": 0.5,
          "fpr95_ood": 1.0,
          "auroc_fake": 0.5,
          "fpr95_fake": 1.0,
          "auroc_fake_whoops": 0.5,
          "fpr95_fake_whoops": 1.0
        },
        "energy": {
          "auroc_ood": 0.9178133333333334,
          "fpr95_ood": 0.44,
          "auroc_fake": 0.7930833333333334,
          "fpr95_fake": 0.8133333333333334,
          "auroc_fake_whoops": 0.7930833333333334,
          "fpr95_fake_whoops": 0.8133333333333334
        },
        "mahalanobis": {
          "auroc_ood": 0.98956,
          "fpr95_ood": 0.02666666666666667,
          "auroc_fake": 0.98765,
          "fpr95_fake": 0.08666666666666667,
          "auroc_fake_whoops": 0.98765,
          "fpr95_fake_whoops": 0.08666666666666667
        }
      }
    },
    {
      "condition": "id00_ood25",
      "n": {
        "id_test": 150,
        "ood_test": 1500,
        "fake_probe": 400
      },
      "methods": {
        "msp": {
          "auroc_ood": 0.5,
          "fpr95_ood": 1.0,
          "auroc_fake": 0.5,
          "fpr95_fake": 1.0,
          "auroc_fake_whoops": 0.5,
          "fpr95_fake_whoops": 1.0
        },
        "energy": {
          "auroc_ood": 0.8947,
          "fpr95_ood": 0.54,
          "auroc_fake": 0.7930833333333334,
          "fpr95_fake": 0.8133333333333334,
          "auroc_fake_whoops": 0.7930833333333334,
          "fpr95_fake_whoops": 0.8133333333333334
        },
        "mahalanobis": {
          "auroc_ood": 0.9902755555555556,
          "fpr95_ood": 0.03333333333333333,
          "auroc_fake": 0.98765,
          "fpr95_fake": 0.08666666666666667,
          "auroc_fake_whoops": 0.98765,
          "fpr95_fake_whoops": 0.08666666666666667
        }
      }
    }
  ]
}