{
  "condition": "id00",
  "n": {
    "id_test": 900,
    "ood_test": 3000
  },
  "id_acc": null,
  "methods": {
    "msp": {
      "auroc_ood": 0.9697842592592593,
      "fpr95_ood": 0.03111111111111111
    },
    "energy": {
      "auroc_ood": 0.9931792592592592,
      "fpr95_ood": 0.012222222222222223
    },
    "mahalanobis": {
      "auroc_ood": 0.9888625925925926,
      "fpr95_ood": 0.015555555555555555
    }
  }
}