{
  "condition": "id01",
  "n": {
    "id_test": 900,
    "ood_test": 3000
  },
  "id_acc": null,
  "methods": {
    "msp": {
      "auroc_ood": 0.9713455555555556,
      "fpr95_ood": 0.03111111111111111
    },
    "energy": {
      "auroc_ood": 0.9925474074074074,
      "fpr95_ood": 0.011111111111111112
    },
    "mahalanobis": {
      "auroc_ood": 0.9887733333333333,
      "fpr95_ood": 0.015555555555555555
    }
  }
}