{
  "condition": "id10",
  "n": {
    "id_test": 900,
    "ood_test": 3000
  },
  "id_acc": null,
  "methods": {
    "msp": {
      "auroc_ood": 0.972197962962963,
      "fpr95_ood": 0.016666666666666666
    },
    "energy": {
      "auroc_ood": 0.9927014814814815,
      "fpr95_ood": 0.014444444444444444
    },
    "mahalanobis": {
      "auroc_ood": 0.9886681481481482,
      "fpr95_ood": 0.016666666666666666
    }
  }
}