{
  "condition": "id25",
  "n": {
    "id_test": 900,
    "ood_test": 3000
  },
  "id_acc": null,
  "methods": {
    "msp": {
      "auroc_ood": 0.97329,
      "fpr95_ood": 0.03111111111111111
    },
    "energy": {
      "auroc_ood": 0.9920155555555555,
      "fpr95_ood": 0.01
    },
    "mahalanobis": {
      "auroc_ood": 0.9878685185185185,
      "fpr95_ood": 0.016666666666666666
    }
  }
}