{
  "condition": "id00",
  "n": {
    "id_train": 3592,
    "id_train_fake": 0,
    "id_test": 898,
    "ood_test": 2997
  },
  "id_acc": 0.9977728285077951,
  "methods": {
    "msp": {
      "auroc_ood": 0.9745801852334889,
      "fpr95_ood": 0.01670378619153675
    },
    "energy": {
      "auroc_ood": 0.9949102777610572,
      "fpr95_ood": 0.0077951002227171495
    },
    "mahalanobis": {
      "auroc_ood": 0.9895533989817583,
      "fpr95_ood": 0.008908685968819599
    }
  }
}