{
  "condition": "id10",
  "n": {
    "id_train": 3592,
    "id_train_fake": 360,
    "id_test": 898,
    "ood_test": 2997
  },
  "id_acc": 0.9966592427616926,
  "methods": {
    "msp": {
      "auroc_ood": 0.9716934826437424,
      "fpr95_ood": 0.02338530066815145
    },
    "energy": {
      "auroc_ood": 0.9910615886859391,
      "fpr95_ood": 0.011135857461024499
    },
    "mahalanobis": {
      "auroc_ood": 0.9895842390274462,
      "fpr95_ood": 0.012249443207126948
    }
  }
}