{
  "condition": "id100",
  "n": {
    "id_train": 3592,
    "id_train_fake": 3592,
    "id_test": 898,
    "ood_test": 2997
  },
  "id_acc": 0.9755011135857461,
  "methods": {
    "msp": {
      "auroc_ood": 0.882229854204613,
      "fpr95_ood": 1.0
    },
    "energy": {
      "auroc_ood": 0.9710018110166588,
      "fpr95_ood": 0.08351893095768374
    },
    "mahalanobis": {
      "auroc_ood": 0.9849768105150436,
      "fpr95_ood": 0.0334075723830735
    }
  }
}