{
  "condition": "id25",
  "n": {
    "id_train": 3592,
    "id_train_fake": 898,
    "id_test": 898,
    "ood_test": 2997
  },
  "id_acc": 0.9955456570155902,
  "methods": {
    "msp": {
      "auroc_ood": 0.9723063821059367,
      "fpr95_ood": 0.02338530066815145
    },
    "energy": {
      "auroc_ood": 0.9923267736927722,
      "fpr95_ood": 0.005567928730512249
    },
    "mahalanobis": {
      "auroc_ood": 0.9891677126272523,
      "fpr95_ood": 0.012249443207126948
    }
  }
}