{
  "condition": "id50",
  "n": {
    "id_train": 3592,
    "id_train_fake": 1796,
    "id_test": 898,
    "ood_test": 2997
  },
  "id_acc": 0.9955456570155902,
  "methods": {
    "msp": {
      "auroc_ood": 0.9709070614787022,
      "fpr95_ood": 1.0
    },
    "energy": {
      "auroc_ood": 0.9910928002984425,
      "fpr95_ood": 0.01002227171492205
    },
    "mahalanobis": {
      "auroc_ood": 0.9904763709515009,
      "fpr95_ood": 0.015590200445434299
    }
  }
}