{
  "condition": "id75",
  "n": {
    "id_train": 3592,
    "id_train_fake": 2694,
    "id_test": 898,
    "ood_test": 2997
  },
  "id_acc": 0.9955456570155902,
  "methods": {
    "msp": {
      "auroc_ood": 0.9590360590731786,
      "fpr95_ood": 1.0
    },
    "energy": {
      "auroc_ood": 0.9879983918588224,
      "fpr95_ood": 0.014476614699331848
    },
    "mahalanobis": {
      "auroc_ood": 0.9881447891841358,
      "fpr95_ood": 0.01893095768374165
    }
  }
}