{
  "condition": "id00_ood10",
  "n": {
    "id_test": 900,
    "ood_test": 3000,
    "fake_probe": 500
  },
  "methods": {
    "msp": {
      "auroc_ood": 0.9584103703703704,
      "fpr95_ood": 1.0,
      "auroc_fake": 0.9020455555555555,
      "fpr95_fake": 1.0,
      "auroc_fake_whoops": 0.9037701945268711,
      "fpr95_fake_whoops": 1.0,
      "auroc_fake_gen": 0.8984798909338787,
      "fpr95_fake_gen": 1.0
    },
    "energy": {
      "auroc_ood": 0.9894277777777778,
      "fpr95_ood": 0.017777777777777778,
      "auroc_fake": 0.9705688888888889,
      "fpr95_fake": 0.20555555555555555,
      "auroc_fake_whoops": 0.9693504780745137,
      "fpr95_fake_whoops": 0.18333333333333332,
      "auroc_fake_gen": 0.9730879345603272,
      "fpr95_fake_gen": 0.21
    },
    "mahalanobis": {
      "auroc_ood": 0.9881166666666666,
      "fpr95_ood": 0.02,
      "auroc_fake": 0.98808,
      "fpr95_fake": 0.05333333333333334,
      "auroc_fake_whoops": 0.9905572040883613,
      "fpr95_fake_whoops": 0.051111111111111114,
      "auroc_fake_gen": 0.9829584185412407,
      "fpr95_fake_gen": 0.11555555555555555
    }
  }
}