{
  "condition": "id00_ood25",
  "n": {
    "id_test": 900,
    "ood_test": 3000,
    "fake_probe": 500
  },
  "methods": {
    "msp": {
      "auroc_ood": 0.9522125925925926,
      "fpr95_ood": 1.0,
      "auroc_fake": 0.89712,
      "fpr95_fake": 1.0,
      "auroc_fake_whoops": 0.898954830201121,
      "fpr95_fake_whoops": 1.0,
      "auroc_fake_gen": 0.8933265167007498,
      "fpr95_fake_gen": 1.0
    },
    "energy": {
      "auroc_ood": 0.9866951851851852,
      "fpr95_ood": 0.03222222222222222,
      "auroc_fake": 0.9691177777777777,
      "fpr95_fake": 0.19666666666666666,
      "auroc_fake_whoops": 0.9684371909000989,
      "fpr95_fake_whoops": 0.18888888888888888,
      "auroc_fake_gen": 0.9705248807089298,
      "fpr95_fake_gen": 0.23666666666666666
    },
    "mahalanobis": {
      "auroc_ood": 0.9887925925925926,
      "fpr95_ood": 0.021111111111111112,
      "auroc_fake": 0.98808,
      "fpr95_fake": 0.05333333333333334,
      "auroc_fake_whoops": 0.9905572040883613,
      "fpr95_fake_whoops": 0.051111111111111114,
      "auroc_fake_gen": 0.9829584185412407,
      "fpr95_fake_gen": 0.11555555555555555
    }
  }
}