{
  "condition": "id00_ood00",
  "n": {
    "id_test": 900,
    "ood_test": 3000,
    "fake_probe": 500
  },
  "methods": {
    "msp": {
      "auroc_ood": 0.9697842592592593,
      "fpr95_ood": 0.03111111111111111,
      "auroc_fake": 0.8983122222222222,
      "fpr95_fake": 1.0,
      "auroc_fake_whoops": 0.8994460929772502,
      "fpr95_fake_whoops": 1.0,
      "auroc_fake_gen": 0.8959679618268576,
      "fpr95_fake_gen": 1.0
    },
    "energy": {
      "auroc_ood": 0.9931792592592592,
      "fpr95_ood": 0.012222222222222223,
      "auroc_fake": 0.97044,
      "fpr95_fake": 0.20333333333333334,
      "auroc_fake_whoops": 0.9696702934388395,
      "fpr95_fake_whoops": 0.17,
      "auroc_fake_gen": 0.9720313565098841,
      "fpr95_fake_gen": 0.21888888888888888
    },
    "mahalanobis": {
      "auroc_ood": 0.9888625925925926,
      "fpr95_ood": 0.015555555555555555,
      "auroc_fake": 0.98808,
      "fpr95_fake": 0.05333333333333334,
      "auroc_fake_whoops": 0.9905572040883613,
      "fpr95_fake_whoops": 0.051111111111111114,
      "auroc_fake_gen": 0.9829584185412407,
      "fpr95_fake_gen": 0.11555555555555555
    }
  }
}