{
  "condition": "id01_ood01",
  "n": {
    "id_test": 900,
    "ood_test": 3000,
    "fake_probe": 500
  },
  "methods": {
    "msp": {
      "auroc_ood": 0.9690716666666667,
      "fpr95_ood": 0.034444444444444444,
      "auroc_fake": 0.8976255555555556,
      "fpr95_fake": 1.0,
      "auroc_fake_whoops": 0.898603692713485,
      "fpr95_fake_whoops": 1.0,
      "auroc_fake_gen": 0.8956032719836401,
      "fpr95_fake_gen": 1.0
    },
    "energy": {
      "auroc_ood": 0.9923970370370371,
      "fpr95_ood": 0.012222222222222223,
      "auroc_fake": 0.9678733333333334,
      "fpr95_fake": 0.23333333333333334,
      "auroc_fake_whoops": 0.9678832838773491,
      "fpr95_fake_whoops": 0.2288888888888889,
      "auroc_fake_gen": 0.9678527607361963,
      "fpr95_fake_gen": 0.2577777777777778
    },
    "mahalanobis": {
      "auroc_ood": 0.9888296296296296,
      "fpr95_ood": 0.014444444444444444,
      "auroc_fake": 0.9879155555555555,
      "fpr95_fake": 0.05444444444444444,
      "auroc_fake_whoops": 0.9904088361358391,
      "fpr95_fake_whoops": 0.05333333333333334,
      "auroc_fake_gen": 0.982760736196319,
      "fpr95_fake_gen": 0.11444444444444445
    }
  }
}