{
  "condition": "id01_ood00",
  "n": {
    "id_test": 900,
    "ood_test": 3000,
    "fake_probe": 500
  },
  "methods": {
    "msp": {
      "auroc_ood": 0.9713455555555556,
      "fpr95_ood": 0.03111111111111111,
      "auroc_fake": 0.8981022222222222,
      "fpr95_fake": 1.0,
      "auroc_fake_whoops": 0.9011473788328388,
      "fpr95_fake_whoops": 1.0,
      "auroc_fake_gen": 0.8918064076346285,
      "fpr95_fake_gen": 1.0
    },
    "energy": {
      "auroc_ood": 0.9925474074074074,
      "fpr95_ood": 0.011111111111111112,
      "auroc_fake": 0.9702733333333333,
      "fpr95_fake": 0.20777777777777778,
      "auroc_fake_whoops": 0.9695450049455984,
      "fpr95_fake_whoops": 0.17222222222222222,
      "auroc_fake_gen": 0.9717791411042945,
      "fpr95_fake_gen": 0.22333333333333333
    },
    "mahalanobis": {
      "auroc_ood": 0.9887733333333333,
      "fpr95_ood": 0.015555555555555555,
      "auroc_fake": 0.9877,
      "fpr95_fake": 0.06222222222222222,
      "auroc_fake_whoops": 0.9903956478733926,
      "fpr95_fake_whoops": 0.052222222222222225,
      "auroc_fake_gen": 0.9821267893660531,
      "fpr95_fake_gen": 0.11888888888888889
    }
  }
}