{
  "condition": "id10_ood10",
  "n": {
    "id_test": 900,
    "ood_test": 3000,
    "fake_probe": 500
  },
  "methods": {
    "msp": {
      "auroc_ood": 0.9559161111111111,
      "fpr95_ood": 1.0,
      "auroc_fake": 0.9040111111111111,
      "fpr95_fake": 1.0,
      "auroc_fake_whoops": 0.9083547642598088,
      "fpr95_fake_whoops": 1.0,
      "auroc_fake_gen": 0.8950306748466258,
      "fpr95_fake_gen": 1.0
    },
    "energy": {
      "auroc_ood": 0.9895103703703704,
      "fpr95_ood": 0.013333333333333334,
      "auroc_fake": 0.97066,
      "fpr95_fake": 0.15888888888888889,
      "auroc_fake_whoops": 0.9705044510385756,
      "fpr95_fake_whoops": 0.13555555555555557,
      "auroc_fake_gen": 0.9709815950920245,
      "fpr95_fake_gen": 0.23666666666666666
    },
    "mahalanobis": {
      "auroc_ood": 0.9883562962962963,
      "fpr95_ood": 0.02,
      "auroc_fake": 0.98644,
      "fpr95_fake": 0.07333333333333333,
      "auroc_fake_whoops": 0.9896834817012858,
      "fpr95_fake_whoops": 0.05555555555555555,
      "auroc_fake_gen": 0.9797341513292434,
      "fpr95_fake_gen": 0.1111111111111111
    }
  }
}