{
  "condition": "id10_ood00",
  "n": {
    "id_test": 900,
    "ood_test": 3000,
    "fake_probe": 500
  },
  "methods": {
    "msp": {
      "auroc_ood": 0.972197962962963,
      "fpr95_ood": 0.016666666666666666,
      "auroc_fake": 0.9085088888888889,
      "fpr95_fake": 1.0,
      "auroc_fake_whoops": 0.9083893834487307,
      "fpr95_fake_whoops": 1.0,
      "auroc_fake_gen": 0.9087559645535106,
      "fpr95_fake_gen": 1.0
    },
    "energy": {
      "auroc_ood": 0.9927014814814815,
      "fpr95_ood": 0.014444444444444444,
      "auroc_fake": 0.9715266666666666,
      "fpr95_fake": 0.18333333333333332,
      "auroc_fake_whoops": 0.9701747444774151,
      "fpr95_fake_whoops": 0.16333333333333333,
      "auroc_fake_gen": 0.9743217450579413,
      "fpr95_fake_gen": 0.1811111111111111
    },
    "mahalanobis": {
      "auroc_ood": 0.9886681481481482,
      "fpr95_ood": 0.016666666666666666,
      "auroc_fake": 0.9865911111111111,
      "fpr95_fake": 0.07111111111111111,
      "auroc_fake_whoops": 0.9897626112759644,
      "fpr95_fake_whoops": 0.04888888888888889,
      "auroc_fake_gen": 0.9800340831629175,
      "fpr95_fake_gen": 0.1111111111111111
    }
  }
}