{
  "condition": "id25_ood25",
  "n": {
    "id_test": 900,
    "ood_test": 3000,
    "fake_probe": 500
  },
  "methods": {
    "msp": {
      "auroc_ood": 0.9465190740740741,
      "fpr95_ood": 1.0,
      "auroc_fake": 0.90514,
      "fpr95_fake": 1.0,
      "auroc_fake_whoops": 0.9082921200131883,
      "fpr95_fake_whoops": 1.0,
      "auroc_fake_gen": 0.8986230402181322,
      "fpr95_fake_gen": 1.0
    },
    "energy": {
      "auroc_ood": 0.9871825925925926,
      "fpr95_ood": 0.034444444444444444,
      "auroc_fake": 0.96938,
      "fpr95_fake": 0.23666666666666666,
      "auroc_fake_whoops": 0.9689680184635674,
      "fpr95_fake_whoops": 0.2,
      "auroc_fake_gen": 0.9702317655078391,
      "fpr95_fake_gen": 0.23333333333333334
    },
    "mahalanobis": {
      "auroc_ood": 0.9884651851851852,
      "fpr95_ood": 0.022222222222222223,
      "auroc_fake": 0.9857977777777778,
      "fpr95_fake": 0.07777777777777778,
      "auroc_fake_whoops": 0.9890933069568084,
      "fpr95_fake_whoops": 0.056666666666666664,
      "auroc_fake_gen": 0.9789843217450579,
      "fpr95_fake_gen": 0.12
    }
  }
}