{
  "model": "llava-1.5-7b",
  "methods": [
    "msp",
    "energy",
    "mahalanobis"
  ],
  "classes": [
    "african_elephant",
    "airliner",
    "bald_eagle",
    "brown_bear",
    "goldfish",
    "grand_piano",
    "labrador_retriever",
    "mountain_bike",
    "ostrich",
    "school_bus",
    "sports_car",
    "steam_locomotive",
    "tabby_cat",
    "tiger",
    "zebra"
  ],
  "conditions": [
    {
      "condition": "id00_ood00",
      "n": {
        "id_test": 900,
        "ood_test": 3000,
        "fake_probe": 500
      },
      "methods": {
        "msp": {
          "auroc_ood": 0.9697842592592593,
          "fpr95_ood": 0.03111111111111111,
          "auroc_fake": 0.8983122222222222,
          "fpr95_fake": 1.0,
          "auroc_fake_whoops": 0.8994460929772502,
          "fpr95_fake_whoops": 1.0,
          "auroc_fake_gen": 0.8959679618268576,
          "fpr95_fake_gen": 1.0
        },
        "energy": {
          "auroc_ood": 0.9931792592592592,
          "fpr95_ood": 0.012222222222222223,
          "auroc_fake": 0.97044,
          "fpr95_fake": 0.20333333333333334,
          "auroc_fake_whoops": 0.9696702934388395,
          "fpr95_fake_whoops": 0.17,
          "auroc_fake_gen": 0.9720313565098841,
          "fpr95_fake_gen": 0.21888888888888888
        },
        "mahalanobis": {
          "auroc_ood": 0.9888625925925926,
          "fpr95_ood": 0.015555555555555555,
          "auroc_fake": 0.98808,
          "fpr95_fake": 0.05333333333333334,
          "auroc_fake_whoops": 0.9905572040883613,
          "fpr95_fake_whoops": 0.051111111111111114,
          "auroc_fake_gen": 0.9829584185412407,
          "fpr95_fake_gen": 0.11555555555555555
        }
      }
    },
    {
      "condition": "id00_ood01",
      "n": {
        "id_test": 900,
        "ood_test": 3000,
        "fake_probe": 500
      },
      "methods": {
        "msp": {
          "auroc_ood": 0.9686327777777778,
          "fpr95_ood": 0.03333333333333333,
          "auroc_fake": 0.9053088888888889,
          "fpr95_fake": 1.0,
          "auroc_fake_whoops": 0.9071711177052423,
          "fpr95_fake_whoops": 1.0,
          "auroc_fake_gen": 0.9014587593728698,
          "fpr95_fake_gen": 1.0
        },
        "energy": {
          "auroc_ood": 0.9932592592592593,
          "fpr95_ood": 0.014444444444444444,
          "auroc_fake": 0.9678666666666667,
          "fpr95_fake": 0.22777777777777777,
          "auroc_fake_whoops": 0.9683053082756347,
          "fpr95_fake_whoops": 0.22444444444444445,
          "auroc_fake_gen": 0.9669597818677573,
          "fpr95_fake_gen": 0.2922222222222222
        },
        "mahalanobis": {
          "auroc_ood": 0.9888381481481482,
          "fpr95_ood": 0.015555555555555555,
          "auroc_fake": 0.98808,
          "fpr95_fake": 0.05333333333333334,
          "auroc_fake_whoops": 0.9905572040883613,
          "fpr95_fake_whoops": 0.051111111111111114,
          "auroc_fake_gen": 0.9829584185412407,
          "fpr95_fake_gen": 0.11555555555555555
        }
      }
    },
    {
      "condition": "id00_ood10",
      "n": {
        "id_test": 900,
        "ood_test": 3000,
        "fake_probe": 500
      },
      "methods": {
        "msp": {
          "auroc_ood": 0.9584103703703704,
          "fpr95_ood": 1.0,
          "auroc_fake": 0.9020455555555555,
          "fpr95_fake": 1.0,
          "auroc_fake_whoops": 0.9037701945268711,
          "fpr95_fake_whoops": 1.0,
          "auroc_fake_gen": 0.8984798909338787,
          "fpr95_fake_gen": 1.0
        },
        "energy": {
          "auroc_ood": 0.9894277777777778,
          "fpr95_ood": 0.017777777777777778,
          "auroc_fake": 0.9705688888888889,
          "fpr95_fake": 0.20555555555555555,
          "auroc_fake_whoops": 0.9693504780745137,
          "fpr95_fake_whoops": 0.18333333333333332,
          "auroc_fake_gen": 0.9730879345603272,
          "fpr95_fake_gen": 0.21
        },
        "mahalanobis": {
          "auroc_ood": 0.9881166666666666,
          "fpr95_ood": 0.02,
          "auroc_fake": 0.98808,
          "fpr95_fake": 0.05333333333333334,
          "auroc_fake_whoops": 0.9905572040883613,
          "fpr95_fake_whoops": 0.051111111111111114,
          "auroc_fake_gen": 0.9829584185412407,
          "fpr95_fake_gen": 0.11555555555555555
        }
      }
    },
    {
      "condition": "id00_ood25",
      "n": {
        "id_test": 900,
        "ood_test": 3000,
        "fake_probe": 500
      },
      "methods": {
        "msp": {
          "auroc_ood": 0.9522125925925926,
          "fpr95_ood": 1.0,
          "auroc_fake": 0.89712,
          "fpr95_fake": 1.0,
          "auroc_fake_whoops": 0.898954830201121,
          "fpr95_fake_whoops": 1.0,
          "auroc_fake_gen": 0.8933265167007498,
          "fpr95_fake_gen": 1.0
        },
        "energy": {
          "auroc_ood": 0.9866951851851852,
          "fpr95_ood": 0.03222222222222222,
          "auroc_fake": 0.9691177777777777,
          "fpr95_fake": 0.19666666666666666,
          "auroc_fake_whoops": 0.9684371909000989,
          "fpr95_fake_whoops": 0.18888888888888888,
          "auroc_fake_gen": 0.9705248807089298,
          "fpr95_fake_gen": 0.23666666666666666
        },
        "mahalanobis": {
          "auroc_ood": 0.9887925925925926,
          "fpr95_ood": 0.021111111111111112,
          "auroc_fake": 0.98808,
          "fpr95_fake": 0.05333333333333334,
          "auroc_fake_whoops": 0.9905572040883613,
          "fpr95_fake_whoops": 0.051111111111111114,
          "auroc_fake_gen": 0.9829584185412407,
          "fpr95_fake_gen": 0.11555555555555555
        }
      }
    },
    {
      "condition": "id01_ood00",
      "n": {
        "id_test": 900,
        "ood_test": 3000,
        "fake_probe": 500
      },
      "methods": {
        "msp": {
          "auroc_ood": 0.9713455555555556,
          "fpr95_ood": 0.03111111111111111,
          "auroc_fake": 0.8981022222222222,
          "fpr95_fake": 1.0,
          "auroc_fake_whoops": 0.9011473788328388,
          "fpr95_fake_whoops": 1.0,
          "auroc_fake_gen": 0.8918064076346285,
          "fpr95_fake_gen": 1.0
        },
        "energy": {
          "auroc_ood": 0.9925474074074074,
          "fpr95_ood": 0.011111111111111112,
          "auroc_fake": 0.9702733333333333,
          "fpr95_fake": 0.20777777777777778,
          "auroc_fake_whoops": 0.9695450049455984,
          "fpr95_fake_whoops": 0.17222222222222222,
          "auroc_fake_gen": 0.9717791411042945,
          "fpr95_fake_gen": 0.22333333333333333
        },
        "mahalanobis": {
          "auroc_ood": 0.9887733333333333,
          "fpr95_ood": 0.015555555555555555,
          "auroc_fake": 0.9877,
          "fpr95_fake": 0.06222222222222222,
          "auroc_fake_whoops": 0.9903956478733926,
          "fpr95_fake_whoops": 0.052222222222222225,
          "auroc_fake_gen": 0.9821267893660531,
          "fpr95_fake_gen": 0.11888888888888889
        }
      }
    },
    {
      "condition": "id01_ood01",
      "n": {
        "id_test": 900,
        "ood_test": 3000,
        "fake_probe": 500
      },
      "methods": {
        "msp": {
          "auroc_ood": 0.9690716666666667,
          "fpr95_ood": 0.034444444444444444,
          "auroc_fake": 0.8976255555555556,
          "fpr95_fake": 1.0,
          "auroc_fake_whoops": 0.898603692713485,
          "fpr95_fake_whoops": 1.0,
          "auroc_fake_gen": 0.8956032719836401,
          "fpr95_fake_gen": 1.0
        },
        "energy": {
          "auroc_ood": 0.9923970370370371,
          "fpr95_ood": 0.012222222222222223,
          "auroc_fake": 0.9678733333333334,
          "fpr95_fake": 0.23333333333333334,
          "auroc_fake_whoops": 0.9678832838773491,
          "fpr95_fake_whoops": 0.2288888888888889,
          "auroc_fake_gen": 0.9678527607361963,
          "fpr95_fake_gen": 0.2577777777777778
        },
        "mahalanobis": {
          "auroc_ood": 0.9888296296296296,
          "fpr95_ood": 0.014444444444444444,